product,size,price,image_url
페뷸러스 페이스 클렌저,100ml,33000,https://i.postimg.cc/jj70QYHx/eli-eshaghi-UB5yi-AWjq1-M-unsplash-removebg-preview.png
페뷸러스 페이스 클렌저,200ml,53000,https://i.postimg.cc/jj70QYHx/eli-eshaghi-UB5yi-AWjq1-M-unsplash-removebg-preview.png
파슬리 씨드 안티 옥시던트 세럼,100ml,85000,https://i.postimg.cc/jj70QYHx/eli-eshaghi-UB5yi-AWjq1-M-unsplash-removebg-preview.png
비 앤 티 밸런싱 토너,100ml,39000,https://i.postimg.cc/jj70QYHx/eli-eshaghi-UB5yi-AWjq1-M-unsplash-removebg-preview.png
비 앤 티 밸런싱 토너,200ml,63000,https://i.postimg.cc/jj70QYHx/eli-eshaghi-UB5yi-AWjq1-M-unsplash-removebg-preview.png
파슬리 씨드 페이셜 클렌저,100ml,45000,https://i.postimg.cc/jj70QYHx/eli-eshaghi-UB5yi-AWjq1-M-unsplash-removebg-preview.png
파슬리 씨드 페이셜 클렌저,200ml,69000,https://i.postimg.cc/jj70QYHx/eli-eshaghi-UB5yi-AWjq1-M-unsplash-removebg-preview.png
만다린 페이셜 하이드레이팅 크림,60ml,63000,https://i.postimg.cc/jj70QYHx/eli-eshaghi-UB5yi-AWjq1-M-unsplash-removebg-preview.png
이미디에이트 모이스처 페이셜 하이드로졸,50ml,31000,https://i.postimg.cc/jj70QYHx/eli-eshaghi-UB5yi-AWjq1-M-unsplash-removebg-preview.png
카멜리아 너트 페이셜 하이드레이팅 크림,60ml,63000,https://i.postimg.cc/jj70QYHx/eli-eshaghi-UB5yi-AWjq1-M-unsplash-removebg-preview.png
블루 카모마일 페이셜 하이드레이팅 마스크,60ml,65000,https://i.postimg.cc/jj70QYHx/eli-eshaghi-UB5yi-AWjq1-M-unsplash-removebg-preview.png
프림로즈 페이셜 클렌징 마스크,60ml,41000,https://i.postimg.cc/jj70QYHx/eli-eshaghi-UB5yi-AWjq1-M-unsplash-removebg-preview.png
프로텍티브 립 밤 SPF30,5.5g,21000,https://i.postimg.cc/jj70QYHx/eli-eshaghi-UB5yi-AWjq1-M-unsplash-removebg-preview.png
퓨리파잉 페이셜 크림 클렌저,100ml,45000,https://i.postimg.cc/jj70QYHx/eli-eshaghi-UB5yi-AWjq1-M-unsplash-removebg-preview.png
아이 리무버,60ml,30000,https://i.postimg.cc/jj70QYHx/eli-eshaghi-UB5yi-AWjq1-M-unsplash-removebg-preview.png
어메이징 페이스 클렌저,100ml,33000,https://i.postimg.cc/jj70QYHx/eli-eshaghi-UB5yi-AWjq1-M-unsplash-removebg-preview.png
어메이징 페이스 클렌저,200ml,53000,https://i.postimg.cc/jj70QYHx/eli-eshaghi-UB5yi-AWjq1-M-unsplash-removebg-preview.png
인 투 마인즈 페이셜 클렌저,100ml,33000,https://i.postimg.cc/jj70QYHx/eli-eshaghi-UB5yi-AWjq1-M-unsplash-removebg-preview.png
인 투 마인즈 페이셜 클렌저,200ml,53000,https://i.postimg.cc/jj70QYHx/eli-eshaghi-UB5yi-AWjq1-M-unsplash-removebg-preview.png
젠틀 페이셜 클렌징 밀크,100ml,40000,https://i.postimg.cc/jj70QYHx/eli-eshaghi-UB5yi-AWjq1-M-unsplash-removebg-preview.png
젠틀 페이셜 클렌징 밀크,200ml,60000,https://i.postimg.cc/jj70QYHx/eli-eshaghi-UB5yi-AWjq1-M-unsplash-removebg-preview.png
다마스칸 로즈 페이셜 트리트먼트,25ml,95000,https://i.postimg.cc/jj70QYHx/eli-eshaghi-UB5yi-AWjq1-M-unsplash-removebg-preview.png
카모마일 컨센트레이트 안티 블레미쉬 마스크,60ml,53000,https://i.postimg.cc/jj70QYHx/eli-eshaghi-UB5yi-AWjq1-M-unsplash-removebg-preview.png
파슬리 씨드 안티 옥시던트 페이셜 트리트먼트,15ml,70000,https://i.postimg.cc/jj70QYHx/eli-eshaghi-UB5yi-AWjq1-M-unsplash-removebg-preview.png
컨트롤,9ml,27000,https://i.postimg.cc/jj70QYHx/eli-eshaghi-UB5yi-AWjq1-M-unsplash-removebg-preview.png
서블라임 리플레니싱 나이트 마스크,60ml,150000,https://i.postimg.cc/jj70QYHx/eli-eshaghi-UB5yi-AWjq1-M-unsplash-removebg-preview.png
페뷸러스 페이스 오일,25ml,67000,https://i.postimg.cc/jj70QYHx/eli-eshaghi-UB5yi-AWjq1-M-unsplash-removebg-preview.png
모로칸 네롤리 포스트 쉐이브 로션,60ml,63000,https://i.postimg.cc/jj70QYHx/eli-eshaghi-UB5yi-AWjq1-M-unsplash-removebg-preview.png
퍼펙트 페이셜 하이드레이팅 크림,60ml,140000,https://i.postimg.cc/jj70QYHx/eli-eshaghi-UB5yi-AWjq1-M-unsplash-removebg-preview.png
파슬리 씨드 안티 옥시던트 하이드레이터,60ml,75000,https://i.postimg.cc/jj70QYHx/eli-eshaghi-UB5yi-AWjq1-M-unsplash-removebg-preview.png
엘레멘탈 페이셜 배리어 크림,60ml,70000,https://i.postimg.cc/jj70QYHx/eli-eshaghi-UB5yi-AWjq1-M-unsplash-removebg-preview.png